{
  "_CUSTOMIZE": "Replace all [BRACKETED] values with your project details",

  "schema_version": "2.0",
  "schema_notes": "Scope Order System v2 - Reality-First Workflow",

  "last_updated": "[YYYY-MM-DD]T00:00:00Z",
  "last_updated_by": "claude-code",

  "session_number": 1,
  "last_audit_date": "[YYYY-MM-DD]",

  "current_phase": "SETUP",
  "phase_name": "Initial project setup",
  "phase_status": "in_progress",

  "active_requirement": "SETUP_COMPLETE",
  "requirement_description": "Complete initial Scope Order System setup",

  "scope_order": {
    "version": "2.0",
    "location": ".claude/scopes/",
    "active_scope": null,
    "scopes": {}
  },

  "environments": {
    "FE": {
      "name": "Frontend",
      "path": "[./your-frontend-path]",
      "status": "active"
    },
    "BE": {
      "name": "Backend",
      "path": "[./your-backend-path]",
      "status": "active"
    }
  },

  "blockers": [],

  "recent_changes": [
    {
      "session": 1,
      "date": "[YYYY-MM-DD]",
      "change": "Initial setup",
      "impact": "Created Scope Order structure"
    }
  ],

  "next_actions": [
    "Customize all [BRACKETED] values",
    "Fill out MASTER_SCOPE.md",
    "Create first scope file",
    "Run AUDIT SCOPE: [name]"
  ]
}
